url,name,address,city,state,phone
http://cahalanecpa.com/,Results,"41 Hall St STE 2, Dennis Port, MA 02639",Dennis Port,MA,(774) 237-0691
http://www.maureenryancpa.com/,Results,"2 Briarwood Close, Harwich, MA 02645",Harwich,MA,(508) 430-0634
http://www.ustaxlaw.com/,Results,"937 MA-28, Harwich, MA 02645",Harwich,MA,(508) 432-0322
https://www.swecpa.com/,Results,"1441 Main St, West Chatham, MA 02669",West Chatham,MA,(508) 945-0031
https://www.masscpas.org/find-a-cpa/03578:sherman-kelly-associates-pc,Results,"1070 MA-134, South Dennis, MA 02660",South Dennis,MA,(508) 385-9156
http://maheraccounting.com/,Results,"47 George Ryder Rd, Chatham, MA 02633",Chatham,MA,(508) 945-4849
https://cpacapecodma.com/,Results,"25 Mid-Tech Dr H, West Yarmouth, MA 02673",West Yarmouth,MA,(508) 771-3775
https://www.stevenmellardcpa.com/,Results,"2759 Main St, Brewster, MA 02631",Brewster,MA,(508) 896-3377
https://varneygroupma.hibuwebsites.com/,Results,"1245 Main St Unit b, Chatham, MA 02633",Chatham,MA,(774) 209-3048
